{
  "LockedData": {
    "header": "Hello!",
    "body": "Subscribe to unlock all the letter and numbers"
  },
  "Title": "it's learning time",
  "LangCode": "en_us",
  "MascotName": "Duck",
  "balloonClicked": true,
  "Subjects": [
    "ABC"
  ],
  "GameData": [
    {
      "Subject": "preschool",
      "SubSubject": "ABC",
      "LastSubmitted": "",
      "Played": {
        "A": {
          "count": 0,
          "locked": false,
          "letterObjClip": "Letter_image_A",
          "phoneticClip": "Letter_Phonic_A",
          "mainAudioClip": "A Speech",
          "imageName": "Apple",
          "objectName": "apple"
        },
        "B": {
          "count": 0,
          "locked": false,
          "letterObjClip": "Letter_image_B",
          "phoneticClip": "Letter_Phonic_B",
          "mainAudioClip": "B Speech",
          "imageName": "Banana",
          "objectName": "banana"
        },
        "C": {
          "count": 0,
          "locked": true,
          "letterObjClip": "Letter_image_C",
          "phoneticClip": "Letter_Phonic_C",
          "mainAudioClip": "C Speech",
          "imageName": "Cat",
          "objectName": "cat"
        },
        "D": {
          "count": 0,
          "locked": true,
          "letterObjClip": "Letter_image_D",
          "phoneticClip": "Letter_Phonic_D",
          "mainAudioClip": "D Speech",
          "imageName": "Dog",
          "objectName": "dog"
        },
        "E": {
          "count": 0,
          "locked": true,
          "letterObjClip": "Letter_image_E",
          "phoneticClip": "Letter_Phonic_E",
          "mainAudioClip": "E Speech",
          "imageName": "Egg",
          "objectName": "egg"
        },
        "F": {
          "count": 0,
          "locked": true,
          "letterObjClip": "Letter_image_F",
          "phoneticClip": "Letter_Phonic_F",
          "mainAudioClip": "F Speech",
          "imageName": "Fish",
          "objectName": "fish"
        },
        "G": {
          "count": 0,
          "locked": true,
          "letterObjClip": "Letter_image_G",
          "phoneticClip": "Letter_Phonic_G",
          "mainAudioClip": "G Speech",
          "imageName": "Glasses",
          "objectName": "glasses"
        },
        "H": {
          "count": 0,
          "locked": true,
          "letterObjClip": "Letter_image_H",
          "phoneticClip": "Letter_Phonic_H",
          "mainAudioClip": "H Speech",
          "imageName": "Heart",
          "objectName": "heart"
        },
        "I": {
          "count": 0,
          "locked": true,
          "letterObjClip": "Letter_image_I",
          "phoneticClip": "Letter_Phonic_I",
          "mainAudioClip": "I Speech",
          "imageName": "Icecream",
          "objectName": "ice cream"
        },
        "J": {
          "count": 0,
          "locked": true,
          "letterObjClip": "Letter_image_J",
          "phoneticClip": "Letter_Phonic_J",
          "mainAudioClip": "J Speech",
          "imageName": "Jam",
          "objectName": "jam"
        },
        "K": {
          "count": 0,
          "locked": true,
          "letterObjClip": "Letter_image_K",
          "phoneticClip": "Letter_Phonic_K",
          "mainAudioClip": "K Speech",
          "imageName": "Key",
          "objectName": "key"
        },
        "L": {
          "count": 0,
          "locked": true,
          "letterObjClip": "Letter_image_L",
          "phoneticClip": "Letter_Phonic_L",
          "mainAudioClip": "L Speech",
          "imageName": "Lemon",
          "objectName": "lemon"
        },
        "M": {
          "count": 0,
          "locked": true,
          "letterObjClip": "Letter_image_M",
          "phoneticClip": "Letter_Phonic_M",
          "mainAudioClip": "M Speech",
          "imageName": "Moon",
          "objectName": "moon"
        },
        "N": {
          "count": 0,
          "locked": true,
          "letterObjClip": "Letter_image_N",
          "phoneticClip": "Letter_Phonic_N",
          "mainAudioClip": "N Speech",
          "imageName": "Nut",
          "objectName": "nut"
        },
        "O": {
          "count": 0,
          "locked": true,
          "letterObjClip": "Letter_image_O",
          "phoneticClip": "Letter_Phonic_O",
          "mainAudioClip": "O Speech",
          "imageName": "Orange",
          "objectName": "orange"
        },
        "P": {
          "count": 0,
          "locked": true,
          "letterObjClip": "Letter_image_P",
          "phoneticClip": "Letter_Phonic_P",
          "mainAudioClip": "P Speech",
          "imageName": "Pumpkin",
          "objectName": "pumpkin"
        },
        "Q": {
          "count": 0,
          "locked": true,
          "letterObjClip": "Letter_image_Q",
          "phoneticClip": "Letter_Phonic_Q",
          "mainAudioClip": "Q Speech",
          "imageName": "Queen",
          "objectName": "queen"
        },
        "R": {
          "count": 0,
          "locked": true,
          "letterObjClip": "Letter_image_R",
          "phoneticClip": "Letter_Phonic_R",
          "mainAudioClip": "R Speech",
          "imageName": "Rainbow",
          "objectName": "rainbow"
        },
        "S": {
          "count": 0,
          "locked": true,
          "letterObjClip": "Letter_image_S",
          "phoneticClip": "Letter_Phonic_S",
          "mainAudioClip": "S Speech",
          "imageName": "Snail",
          "objectName": "snail"
        },
        "T": {
          "count": 0,
          "locked": true,
          "letterObjClip": "Letter_image_T",
          "phoneticClip": "Letter_Phonic_T",
          "mainAudioClip": "T Speech",
          "imageName": "Tomato",
          "objectName": "tomato"
        },
        "U": {
          "count": 0,
          "locked": true,
          "letterObjClip": "Letter_image_U",
          "phoneticClip": "Letter_Phonic_U",
          "mainAudioClip": "U Speech",
          "imageName": "Umbrella",
          "objectName": "umbrella"
        },
        "V": {
          "count": 0,
          "locked": true,
          "letterObjClip": "Letter_image_V",
          "phoneticClip": "Letter_Phonic_V",
          "mainAudioClip": "V Speech",
          "imageName": "Vase",
          "objectName": "vase"
        },
        "W": {
          "count": 0,
          "locked": true,
          "letterObjClip": "Letter_image_W",
          "phoneticClip": "Letter_Phonic_W",
          "mainAudioClip": "W Speech",
          "imageName": "Watermelon",
          "objectName": "watermelon"
        },
        "X": {
          "count": 0,
          "locked": true,
          "letterObjClip": "Letter_image_X",
          "phoneticClip": "Letter_Phonic_X",
          "mainAudioClip": "X Speech",
          "imageName": "Xylophone",
          "objectName": "xylophone"
        },
        "Y": {
          "count": 0,
          "locked": true,
          "letterObjClip": "Letter_image_Y",
          "phoneticClip": "Letter_Phonic_Y",
          "mainAudioClip": "Y Speech",
          "imageName": "Yellow",
          "objectName": "yellow"
        },
        "Z": {
          "count": 0,
          "locked": true,
          "letterObjClip": "Letter_image_Z",
          "phoneticClip": "Letter_Phonic_Z",
          "mainAudioClip": "Z Speech",
          "imageName": "Zebra",
          "objectName": "zebra"
        }
      }
    }
  ]
}